<addon id="plugin.program.u2paccess" version="1.1" name="U2Pplay Access" provider-name="Osmoze06">
    <extension point="xbmc.python.script" library="main.py">
                <provides>executable</provides>
		<summary lang="en">U2Pplay Access</summary>
        <description lang="en">Accès à l'installation et aux mises à jour de l'addon U2Pplay.</description>
        <disclaimer lang="en"></disclaimer>
        <platform>all</platform>
        <license></license>
        <website></website>
        <email></email>
        <source></source>
        <changelog>
            <en>
                <![CDATA[
                    Version 1.1:
                    - Ajout de fonctionnalités de mise à jour automatique.
                    - Correction de bugs mineurs.
                    - Améliorations de la stabilité.
                ]]>
            </en>
        </changelog>
        <assets>
            <icon>icon.png</icon>
            <fanart>fanart.jpg</fanart>
            <screenshot>screenshot-01.jpg</screenshot>
            <screenshot>screenshot-02.jpg</screenshot>
        </assets>
    </extension>
</addon>
