<?xml version="1.0" encoding="UTF-8" standalone="yes"?>
<addon id="service.autoexec" name="Autoexec Service" version="0.2" provider-name="noway">
	<requires>
		<import addon="xbmc.python" version="3.0.0"/>
		<import addon="script.module.requests" version="2.12.4"/>
	</requires>
	<extension point="xbmc.service" library="autoexec.py">
	</extension>
	<extension point="xbmc.addon.metadata">
		<summary lang="en_GB">Automatically run python code when Kodi starts.</summary>
		<description lang="en_GB">The Autoexec Service lancé au demmarge de kodi. et cela mettra la database a jour</description>
		<platform>all</platform>
		<license>GNU GENERAL PUBLIC LICENSE Version 2</license>
	</extension>
</addon>